,A,B,C
0,10.609434159508863,17.72772445962782,9.70358676987034
1,7.920031787519009,16.790369963943373,6.353565318131693
2,11.500902391612914,13.561039533430419,7.927634670820707
3,11.881129432782428,11.994993087918207,13.169551888668712
4,6.097929622692327,9.070942324316697,10.01496645599978
5,7.395640986275364,13.91300898413473,11.701049884341689
6,10.25568080633457,19.840830024494807,13.350396211010949
7,9.367514815312836,15.869768542927295,8.125792685511952
8,9.966397684991422,13.880855427901022,13.78124081814903
9,8.29391214485284,15.930160419000613,11.894213017291973
10,11.758795949725657,11.878083294011114,3.8259345654426067
11,11.555583870857896,14.40535327460473,17.21152395593122
12,10.132061395122433,15.198954946031478,7.496276281215419
13,12.254482413936065,14.827798696357902,1.7245232840740812
14,10.935018684504092,16.58161224338016,4.774781452068488
15,8.281415074233523,15.689290452472104,4.89477419660839
16,10.737501568164998,16.336652036215995,10.260866593287668
17,8.082234798342002,13.623255435538482,8.630747472268814
18,11.756900602614545,16.795630816821095,8.315840161797036
19,9.900148178027495,18.257873895247982,13.098509827412395
20,9.63027527290948,13.059700960697175,11.699376805963519
21,8.638140911192117,13.22460868857088,11.580239353221431
22,12.445082677348061,17.671568672640465,12.049142286643463
23,9.690941035862396,14.617312026609879,13.080673340011192
24,9.143344355673786,17.807642784133115,-0.539766708887214
25,9.295732899023541,14.114928576215632,8.177808738677694
26,11.064618371106697,17.910091152541423,-0.9010503224473698
27,10.730888128728157,15.262971633610904,10.180299633988977
28,10.825465223191976,15.51645764664539,9.976835138878274
29,10.861642006015765,18.12943604333981,15.2276613739484
30,14.283295201740923,14.276459045111658,15.938171963605605
31,9.18716996723077,13.117755808150083,11.013875241261836
32,8.975514541856926,14.10287158394329,7.498194613015501
33,8.372454543504244,15.904667901286277,12.425805562728689
34,11.231958845150992,11.868481855638972,7.360411813378432
35,12.257944585441784,16.274941805302245,9.993036742783255
36,9.77210508469025,13.922457364764513,14.930681584803839
37,8.319687046074943,17.295625321467128,7.211143270052882
38,8.351037568617521,10.211479390199056,14.028393196212505
39,11.301185575649402,13.426868449791662,13.387006843461512
40,11.486508342406884,11.627063697531796,5.226040914345893
41,11.08630853661039,13.347541067272095,14.869470641087005
42,8.668980585422611,15.495331802217887,13.492831726857526
43,10.46432264613344,14.64154674910049,10.509629436863287
44,10.233371618281456,14.49324486210397,6.188382709861739
45,10.437377193458026,14.681630257239878,5.70396990712215
46,11.74285755589638,15.406776481239888,7.311687115484888
47,10.447191097549364,12.982927916113784,12.712972316459801
48,11.357827126143789,16.413699281798102,5.221874162993011
49,10.135158138977783,16.32533194077097,12.18756124309935
50,10.578238797379969,15.770075875312202,3.7912223556080367
51,11.26257645167708,16.113066885502526,8.979657077805754
52,7.0856883602886676,15.59283600161732,10.548238772870043
53,9.360657567285397,19.070146605462135,22.225650725294585
54,9.05925469141441,14.825811657894981,3.1134217223981633
55,8.722244303513316,14.385833563330847,17.36007283245067
56,9.449715497546633,13.492944839285244,10.7492120699364
57,12.98988262246879,12.935474658844326,12.055859590079816
58,8.268337768613513,12.51105642479785,10.591739566941023
59,11.936556709182963,13.222405373538162,12.223634090976166
60,6.6342604567683905,14.858639236695858,9.231574478189911
61,9.33022994002845,15.66859025699543,17.27025090728729
62,10.32550613021001,15.102284117104324,7.717644278876389
63,11.172444662718556,13.468929445140574,15.661172860896238
64,11.42245315958571,16.800369128039925,6.778164398934885
65,11.58669447039985,16.478825344601894,9.698740767993565
66,9.302549855503125,14.680703385155965,4.640187238548904
67,9.075296414670866,13.694167710670577,12.2751186017376
68,11.715951762514308,16.0968558416596,17.22562978463267
69,9.61739135023677,15.37594717497221,9.61321910089573
70,7.448627353324156,12.103745481169906,9.015571506480452
71,7.733425571993038,14.86403948803119,4.426915184660366
72,8.161095427996777,15.524071624148762,8.85353673223846
73,10.994321488107529,13.200610427024493,2.036028701392362
74,10.284851472141131,15.379686785674886,5.4356100664058635
75,11.380970708135536,12.09035502948442,11.133930230545676
76,9.145494707326932,17.67237220002434,16.59506598870698
77,10.317079382153429,17.495899970118863,24.046054306147514
78,11.251180787934674,14.49496533139407,7.067074574645496
79,9.381306920559524,15.726908675678146,17.176500783227198
80,10.913550475114823,10.180156068400251,11.21876240200824
81,8.676148117866697,12.687304679469335,9.24376176626812
82,9.273892306869856,14.41244215969574,12.162972258630761
83,9.236524212003342,12.855733957146281,10.309582418399796
84,7.608320708821921,16.428792965261316,10.551978628061093
85,10.973944961571164,18.994593061495987,7.958334185866654
86,9.061195319594553,12.646770561141397,3.009451701005746
87,10.024988237455375,13.325073191829615,2.2818739873895924
88,10.961493317811819,15.47089673661986,13.266224416406136
89,10.893062352059887,18.22223229699924,8.616499549571433
90,11.330770217945572,12.555251374920193,7.019555501719167
91,9.803029030981152,15.498072244613883,10.042528133615768
92,9.153403375911692,18.64259770162622,13.974661264578138
93,9.840563578187203,11.696481703641465,10.90181971513199
94,6.62533113208394,12.437861586308337,6.719725316795163
95,7.105775055153826,14.152786787078323,16.131464778244748
96,7.354600775291195,13.958823174289178,17.89592751490816
97,8.005506344797036,16.625202575507288,12.472783276614265
98,10.799548453446873,15.483319439641676,14.86831755672045
99,8.189041889279878,11.450075880715744,16.209799984069058
100,9.24367489192122,16.03082080580162,15.65049658202257
101,12.59845659557213,13.844922225288698,13.070495885563119
102,9.287472057877148,17.548894433882477,12.991735235374414
103,11.475031136934174,13.74482492712616,12.598302866732514
104,8.132764639980246,13.726769433795528,4.513311627264782
105,9.58912488426474,16.08226322160906,13.503615784297928
106,8.099955890178837,16.525852964673874,3.2209301443672302
107,9.321933848198874,15.896198727872408,6.027002724374725
108,11.68061627491479,11.628805365230384,16.517825339040435
109,6.545359153615303,16.076068879856503,14.201100813470987
110,10.868847287091715,12.931383896651202,17.436991448429314
111,10.475471204664556,15.470552223176528,8.641628081563539
112,8.811700088606411,12.15253112920188,4.238755793616162
113,7.10788429122309,15.892644295086127,8.797814014648285
114,10.144259015427739,13.386802191385256,10.51015648620287
115,8.941014581872395,12.434730699478957,10.394943581700048
116,10.465352422709408,16.427640272964798,15.66840239378351
117,10.043704291046886,15.483289043353503,8.193647874982773
118,13.20355778264183,13.772046397214206,11.760172359014621
119,9.521288745053951,17.902357698042128,5.05686425282697
120,7.95300501475627,14.118695156860515,12.251586390219066
121,10.358551269912633,15.06421534794187,10.015542750928184
122,10.439993367943531,15.537826895357203,6.250933308577412
123,12.718375150480874,13.760668131742772,8.820853189125735
124,11.670222491829158,15.94227258679986,9.079121267423892
125,10.713742118299018,13.933095305670552,8.64922435331452
126,12.926605782439124,14.176723355567582,18.85670621133842
127,7.622473891354298,17.72528527960668,9.507769988460602
128,8.720496934500504,12.918827894975134,8.780519449113312
129,8.14684811718895,10.17443933814102,-0.4872547880507092
130,9.220380393688464,18.221873990023788,5.528963240102613
131,7.246627704887382,20.098655905214006,8.684632877718236
132,11.270301893628808,14.189461469101337,6.570736619116786
133,9.555554605802453,11.12632391875963,16.908537966888986
134,7.058387410994684,14.379032047608112,9.175311123018908
135,7.968841837584916,14.427554100318662,16.442221246591263
136,10.627027694900391,14.620152317955485,10.30852317025184
137,11.676253135788762,12.773223916156304,10.186139182107883
138,13.993461783383573,16.159122284952954,9.556017761437495
139,15.82772493201466,16.049014750572173,10.018981258107296
140,10.828818866551993,12.011188760361387,18.5939750152493
141,8.020923759936272,16.398393463389777,-1.5980536337560913
142,5.735907438537382,19.105369963891782,-0.007728722193395043
143,10.535422924687671,15.343920664874119,7.284145844719431
144,8.374117809379348,14.325349675862988,10.072639409687845
145,9.16928547964063,14.715993571184958,13.450522123820061
146,8.775806401880384,16.230513533937124,12.365435990137376
147,9.718418227167229,11.538656788985563,8.07877043559715
148,12.131960461575288,15.328781405954604,15.095218466208813
149,10.31409713489069,14.21907210107438,15.150977015763655
150,9.682730325922623,18.69565002591209,10.920289156357828
151,7.928692494348377,14.651654532390085,14.813287862434207
152,6.650634110591286,18.33577522223904,11.363226317160644
153,9.02738418185334,12.792518604435985,7.192584866085582
154,9.892434898363359,16.174518333605583,13.489084195000023
155,13.535859827159765,15.638800527582458,10.553065612893388
156,10.260549042945772,13.261905504270436,10.006699233772435
157,11.965479022046114,15.354792229273881,17.36476786094787
158,9.001408802921695,17.4250376736632,-2.2543606427004335
159,7.630112467165951,14.352416591426799,2.9115791492021517
160,8.069766475535257,11.616074701660473,4.06464786812815
161,8.549547870928494,14.964874347045107,8.183696762155972
162,14.256939464870328,13.195153810414975,8.726959151169849
163,8.357226641551227,14.315318122672235,2.4633717611347627
164,11.67697840747269,14.836824460629758,5.074209838445868
165,8.194145643825948,11.588695567968966,5.695791607382149
166,11.863146025748488,11.768683321358644,22.28712046037946
167,10.769901932211726,15.96413367105105,19.00870973873573
168,9.68672420468382,13.95456260766064,7.941252911576754
169,9.918474947729132,9.870511316358865,8.182083548466005
170,8.69042460914122,16.56968807321627,4.253980014058529
171,10.892144402964162,15.54473951054848,0.4593479338736657
172,9.09003303931844,13.572250351927032,9.41559906795738
173,7.548788472465503,12.366339577883517,5.010740083779871
174,7.444124851360762,16.671615792628675,9.57574734168995
175,10.34517583544424,15.698701245120859,1.9989707547826132
176,13.15818251282087,19.765204565368148,6.190127708448712
177,10.319983227146876,15.840377197449875,10.743135476514155
178,9.762723347780234,15.77540628252403,11.831047988919687
179,10.571652279205086,14.666144139782869,12.087359793710073
180,12.61200348341365,16.633551734401582,3.397555079214813
181,10.438765002727713,16.25017040249631,14.273428650677808
182,9.178145538332526,17.50345001713039,5.998941516990748
183,12.212577420119779,13.95735416272543,13.164289573036532
184,10.857512876923227,14.129185054112074,9.946806616909035
185,13.071511983991984,14.04179365817604,3.1180625046102604
186,10.366468874443813,16.581603442357977,8.41901147709406
187,7.551061936559,17.996748880593465,11.826818710318838
188,7.2636816015086705,14.0823190137014,13.064826902372996
189,13.3018558644625,14.150452544413817,9.295060512777907
190,13.447331441566593,15.628154447739599,17.658894453005264
191,9.640961573434799,14.508476999974198,15.037553854932796
192,9.233625357728025,16.90410730627978,8.716729418001236
193,12.922888584484404,10.496445418761907,13.750609060684722
194,7.7859086359130245,13.34658990616621,19.668967425940934
195,8.210545962088347,13.435167332077109,19.802423003915134
196,11.286653589378089,10.35928797522771,3.860000595887513
197,9.210789754280821,13.072723111262391,5.367334444214247
198,9.989756266559857,13.169687768308147,17.424593933669254
199,9.673114202950975,14.59779069096234,4.708594745811814
200,10.675149097597867,17.225931783320526,3.387294333541605
201,12.814963722627434,14.509878697618595,7.569029346504766
202,10.181169813803491,12.938372559457692,12.101133547372928
203,11.287877586553716,14.886090917572941,9.488016466944519
204,5.899655797937955,17.0983472428827,6.747181897972039
205,9.902563196139765,13.04808236777019,6.628937691377455
206,8.313539459414258,13.178850232157103,6.438314677936456
207,7.562373879152744,16.117097918548446,5.6024518567052874
208,8.243695266142499,14.556927768538399,21.408164386380307
209,9.331753118598376,16.294969381418948,11.487555355927775
210,11.831805084712027,14.972706416409407,14.433795272023692
211,7.347214564520872,16.403327296179135,7.5546126594053815
212,10.061262985188835,12.92984377191872,9.070216614069755
213,9.031661133332843,14.975830698423465,6.432230093148226
214,9.344653811276078,14.578619971273687,-3.2585416745960103
215,12.005515650609208,12.568218151791738,3.109953615760669
216,11.076230874007852,11.873044104262624,0.9469066000980266
217,12.674796214885488,16.371498070549322,-1.2489188897580377
218,9.6909886415002,14.298095235564045,4.0232051285094865
219,8.608114776658594,12.95543943670534,16.624778396908155
220,9.552282366239002,14.807642126153336,9.777819161478227
221,10.484993582542444,17.256037714698607,16.45281881160587
222,10.353146716907421,10.438524309256154,12.054912884504377
223,7.831223855533267,12.006722620193347,13.912794128575797
224,10.180979563255748,13.154227116209466,5.495515023477124
225,10.45645666027781,17.92235773344066,12.619754770963354
226,15.034948075067842,15.565173965838593,13.643571170371729
227,13.75368922256334,16.534634480922453,7.116763538831536
228,8.29351329888236,12.719678161747538,12.79770185308083
229,9.425233276901647,12.760928249458948,12.830938792874164
230,7.073115996325994,15.895627433445421,7.252236894349586
231,8.818585972073027,15.116548661870894,4.386157838645025
232,10.63121000718068,16.097477637728254,4.079358340508639
233,12.411707241776467,14.624658018143096,10.432527709607308
234,8.541832324512782,15.556287452909254,11.635049343946575
235,8.691707119864407,15.316238169810218,6.037370847710427
236,5.70542194052269,16.55553477816985,10.132926706630494
237,9.674668158910185,16.614016563888942,12.852685180692427
238,7.875171176280874,11.76025601121646,13.090953573326505
239,8.941121145267852,10.505462889318288,17.759400600612445
240,8.246278443664824,17.003490795303016,16.384904160990217
241,9.811474891494885,17.375450186523874,4.99354283621728
242,6.484543217286737,12.958753960973326,18.41793104769011
243,7.065909509218018,11.280329186908743,7.345117477221426
244,14.258494224056596,15.198069642014401,15.224364062272137
245,7.425154837451938,16.861676452701058,10.339933130255444
246,7.806428843090721,18.59518904486863,7.939253107715162
247,13.673827056642628,16.0325951442029,0.9615157011253359
248,15.810134338480815,14.25656660682861,9.14217744891826
249,7.656866742349317,13.213738756830274,2.203083823471955
250,9.263502086423939,15.02290258334131,14.836496179213862
251,10.68311110188102,14.401470592229487,17.583963285696242
252,13.457395288811185,12.969864188542367,6.015445053516549
253,8.026285843143524,19.097511301726573,11.509853712596357
254,9.50944430811578,18.57033680414426,6.373042389960123
255,11.554675152123489,17.272097367110856,6.8575763493160515
256,10.869532148933237,13.158299204381745,13.872473519326856
257,9.247687857539802,16.71003864859456,9.807308690782937
258,9.732354070967919,16.279252818995804,18.698240209655058
259,7.250208383260036,15.885091248408106,7.588837606485395
260,9.523652512050669,17.499330534087555,14.996681662372445
261,9.46722501998209,16.270742285722555,10.48706706478891
262,10.464339779252512,16.48002847260867,13.978890048721166
263,8.889345562361967,16.27381256674442,7.764211713350266
264,10.943077045090279,15.681582816004212,9.752205812242087
265,12.025431635639658,11.432777740571634,9.422505603505327
266,10.310858655336933,15.167242154821114,5.819714425771064
267,10.703512816798407,13.887616082301749,13.310407672908763
268,10.106310695155734,12.440318084719959,13.251245027891821
269,10.000168786182828,18.363633238601647,12.967773474527833
270,8.556883932914305,18.457990681771406,17.684828269588223
271,10.632988523346617,17.718441200591222,17.246724006181516
272,9.80542680317302,15.51042683371175,8.125276550754323
273,14.18633661786119,17.701250241905313,11.865261592170892
274,13.146709804950484,15.024106361203652,6.8819965537089365
275,10.771693105113002,15.40559455379556,10.116776580572777
276,8.473885580610466,12.813057259076034,7.001252754405677
277,7.775177056033164,15.79398260899768,18.100351545680255
278,12.38228590617773,15.120771856848835,11.818490751714814
279,10.525498450294277,12.394695766331072,8.90985435947789
280,10.960286806783222,14.897605776366806,15.968092859281885
281,6.510828026051614,14.840540872286383,-0.8530770489770578
282,11.85487696311636,18.59512233328928,-0.07051297432644787
283,10.908840676428726,16.788426657026818,13.979193276098869
284,7.779138631171044,15.022890878182933,10.30234224058684
285,9.056950385100102,15.497574619602165,11.252231501303804
286,10.52743440871304,15.088424756208395,3.368019483407256
287,10.104933596712486,14.594172030408904,9.88383144574817
288,9.41565762839289,12.835145605223426,20.017547052006712
289,9.793023463868078,14.697896244786142,14.120998098979314
290,9.496045243586229,13.507803486694973,10.84853272571406
291,10.305125024204937,12.499368922153707,7.804730449475311
292,12.942983945986313,16.02244362909507,8.02713574065303
293,4.866683118137405,15.78252931986647,-0.6459894460000886
294,9.526299470980632,11.426584977263843,11.288202104605803
295,10.353024842744894,14.754630725009745,14.22741554240927
296,10.5919879793742,16.991402771799848,2.121903364146924
297,9.25617083735742,17.118447477792643,6.69291553846592
298,6.486556435042835,17.051673685770478,4.2126768388328895
299,10.655990967428218,15.077826413802919,5.1732440259561825
300,13.454700428328369,13.309909344061698,10.267408134109502
301,6.932277190167724,12.83260234528388,-0.4220107749423718
302,11.727656027396376,15.689209809500715,13.07135219178532
303,9.342949553754213,15.758560068730326,13.769275349668412
304,9.877351308342305,17.57466222321013,8.744487059815437
305,7.8942029785921015,17.199959300684167,-2.403542549922708
306,9.331087655288247,14.735542686937656,5.017906869988052
307,12.600089189397917,12.511588242278261,16.164509670513482
308,11.165310483975414,14.361786805978204,-3.8899714036428623
309,13.464623210819887,15.43446238962105,8.262382939032404
310,12.354823777955387,14.595833509221192,4.099996107663705
311,10.878173357859152,13.844211783844688,14.022851507924184
312,13.487869052335585,15.505769629939797,6.6244302392826935
313,10.877986317476598,13.992084517178778,12.019770103678058
314,11.655976353594118,13.743867832549252,12.827302095845464
315,9.406858092930584,15.62290566860688,19.181129198650098
316,10.13309163171841,14.19601483974159,8.985290281623149
317,8.605152353399447,15.488208777956704,11.880221848113056
318,11.979167869189705,15.546408045704245,2.5747226043628206
319,7.643392753770269,12.72114199781685,15.95206781646872
320,11.564700684835323,14.037517752269176,6.1974557596431765
321,9.61869788498968,17.875553879832925,7.196229179561272
322,12.342494186934639,12.675840974531425,9.888761025753947
323,11.50173797746252,10.766691102058939,2.1855782733007523
324,13.641292315293603,11.276309693514976,11.14385014464469
325,11.46154938227729,15.058219893153339,14.837331364625054
326,6.855919488693519,15.061834556065397,11.464669117486459
327,9.866093654203599,14.764778289149758,2.0555121791063744
328,7.655985614810368,17.428379657857004,9.380953528351702
329,8.963440315267452,9.654331133794123,13.710144514897454
330,13.022456866553444,15.791867748861648,0.610056170170461
331,11.275067621795392,18.122876403607147,4.626169930911431
332,8.602139142842507,12.744438470216572,14.3827180204076
333,7.972565267119203,14.24038697642021,11.350477170986434
334,10.065564185752521,13.494216165542758,12.05985791063377
335,7.5668797012377444,13.211307907844942,19.297474038116558
336,8.657719445206837,14.34747598995392,12.342763892531012
337,10.624018943102488,17.85497056736901,13.289440052165897
338,12.310624072213393,18.67477335097504,23.55372763609163
339,11.217522944448879,14.328121549919704,8.930977209547546
340,5.4174209828038,18.81012042812894,6.010586181907525
341,10.60873345806052,15.07115295396925,12.138981991235664
342,10.144067146465156,18.50738205340216,12.194955146944475
343,10.827780570745386,14.813402700693016,7.366423040268959
344,13.232419363302414,15.26211565209229,4.838014902225762
345,5.873523446390514,15.73094894528567,21.54922211045039
346,8.817793149617788,21.35770735873507,11.634217351940114
347,11.18181264558671,16.70257114968958,6.338573092989622
348,6.836811201092115,13.585470940097073,14.579651511397993
349,12.951898096107017,16.937995740551717,9.454274242193328
350,10.736713225401317,14.276334925831318,8.735592768410843
351,11.693167971686808,14.020499634197582,12.811364359572465
352,8.858112676956411,16.817202719784223,3.54058865884155
353,11.62752737993242,15.062171175542305,11.763136019585861
354,12.136943111978077,15.557151829023612,19.56477403865876
355,10.465756040274337,15.027970443730585,12.330888310986554
356,10.468801785397392,15.67316625321087,8.118939481082677
357,10.540686478563451,15.849931794872298,7.46447359785879
358,8.273309470521237,11.12606613458917,7.948300133274453
359,9.704942639519293,16.33314533721907,8.730186609761095
360,9.694954935095282,13.035961160339399,8.11096733620864
361,10.76678772870699,12.115401728881178,14.581557205372834
362,11.999648493820589,14.883177512282636,1.3339544839550843
363,7.882927836043182,15.167962006628908,14.31000025206067
364,9.749981939360845,13.61298767085544,8.101567374287194
365,12.962911095317946,16.66206371533595,11.88473892847686
366,8.512823542374871,12.315649667258185,4.365060448995681
367,8.355499965419359,14.186112502454883,16.64315533424718
368,10.404612383662387,13.830251730133998,16.228174800859364
369,11.68877038097064,14.906825459321322,14.797952628750368
370,10.022852111121319,15.557728569294477,2.426226121032303
371,12.657921180873979,12.984214100752911,14.145605355330265
372,11.713587965133053,16.448565354912457,12.024275438178545
373,11.683640133780123,15.1260047366694,1.9736437643371616
374,11.108233002648186,11.216107493376178,9.878513081145922
375,14.65530620069217,11.082817119205938,11.822672445166312
376,9.58967662226791,14.975361414141377,12.780376369115753
377,5.992955415866972,14.558065364427291,10.886306834744278
378,13.208508723034281,14.793159772850734,11.4561570842369
379,9.084601138086349,14.944035086939564,17.368056961265477
380,10.215760888686066,15.451119679020362,16.1301695495534
381,12.619101369721054,16.8952992196966,-4.335274768913717
382,6.795480917882149,12.777790198164883,8.41280722581159
383,7.496705571787722,12.656056814198411,9.176744862280243
384,6.797444125762293,12.813352284225235,1.2395071363651446
385,8.411727419949152,15.577833334337413,10.47091529116156
386,10.879273212033986,17.48989475729289,16.243788862052533
387,11.048375685625542,14.137321123520978,4.567160702047048
388,10.552548358657107,9.996600311680691,11.682004693449361
389,7.174468232215267,11.592014274779249,5.420882613517811
390,5.379793126734712,13.333926554407977,6.6404398816016155
391,10.108707170780765,13.88454222500957,17.386968170850174
392,9.056447932723328,14.183222745490546,7.2872108994408755
393,10.918771543433223,15.077162245961834,12.311062445053123
394,11.40390725244254,14.376507338355106,0.6439094196950652
395,10.276482864117364,17.098679221086815,19.3115878069744
396,11.520266170751707,13.647965388637262,13.013262231532494
397,10.458422748230136,13.275364081048913,9.087500786748691
398,11.060129411202933,15.957751077040923,12.877732549999473
399,8.590653474260236,11.928715860147761,2.9509028552609484
400,9.640777172337083,15.779383410640005,15.912653708763287
401,10.393552193313914,15.205106367452533,8.380076122517849
402,11.641056950834837,14.705115020163666,8.979652424757827
403,9.212517655550856,18.176552214298525,7.541721925172578
404,11.042334511464226,13.755585109410564,7.096742986272076
405,9.468322416169242,19.120596341048156,13.473353058142044
406,9.76491566534374,14.549137101543801,11.279534250521115
407,11.659038084048145,12.445967110059543,13.2587407070152
408,6.013879257891688,15.13983916198965,9.956026552572142
409,7.4070553438504785,12.847509599362464,12.565999055385905
410,7.0356292051143585,13.496488304372999,7.905756280374808
411,5.3327677603033905,15.794066600030982,21.148659207047743
412,8.643471119689647,16.11116417730025,2.160347917847507
413,11.49886779945548,13.755664599491483,16.304686617814923
414,9.43023186723485,16.9748102900928,16.839537253604853
415,10.395580163883704,17.31501551604227,5.739205970172031
416,12.178434993421586,17.87260351312658,21.146368052779867
417,12.655372264535384,16.058826814251443,14.977451414726591
418,9.86172413054772,17.7268574241714,14.855695034114557
419,12.707171779138795,11.238403144051885,10.140110935129384
420,10.184253316868219,14.364186902743075,8.913869208906618
421,8.325203552345076,13.265989487353147,8.95295586480196
422,8.81119929560253,15.238451722254784,11.952652981597586
423,7.038926974869968,13.857101561606525,17.00593137516948
424,8.223732292532695,14.667684316100535,10.906571089307098
425,9.283966623851141,18.7643497604081,5.442781884313549
426,11.607170038757204,14.660560407159243,14.122135311924898
427,13.441539662331968,15.827584634380427,14.605753731973962
428,7.23563696924592,14.53546134015153,13.27329764223893
429,10.785654936519839,15.151426575913668,13.727494532624913
430,7.918912121684931,15.012033360872143,8.64535934921096
431,10.949394176926404,15.89664813194632,5.355054164347102
432,9.737826698624547,17.330615071094353,5.659032846796101
433,6.338188348304939,18.294787995206658,1.8226837577107098
434,11.85659398313697,15.619240163818334,11.184743057729749
435,8.789998574382539,16.179093772071205,9.582756083867032
436,8.93219952325289,12.698270981628866,7.800061477351456
437,7.860495177420621,14.82424651516876,-4.778094121725349
438,8.691433446624888,16.88057892976718,3.7634126515291557
439,10.855780881389835,16.731937276834305,15.604203257015834
440,9.621511318127189,15.423219465590101,6.676869999684345
441,10.657324004564963,16.772787919135904,11.802958388284207
442,10.723843707857688,15.981533417987638,3.0465728501237184
443,12.641323311056334,17.400612516518642,17.193527411796154
444,9.314427698271242,15.578718313914223,9.279861699726618
445,7.046284366308536,14.288603368857931,11.450201982417676
446,12.134444833143966,15.671682513866047,21.628898959408424
447,9.33702365580549,9.138811248294449,17.582200502947018
448,12.229184889154753,15.7657714727701,8.46717189356471
449,10.766754226364942,7.703174349570433,7.033899075648204
450,9.73772493959331,11.553073185189163,8.372274942402342
451,10.697551788092591,15.903537201881969,12.549491242382679
452,13.902025120252599,15.955058674533591,9.473879328745644
453,14.153961058107505,12.675142439720139,8.023779274982642
454,10.138762270265557,13.575795916242122,17.33590625354521
455,10.320381186634151,17.741081977228262,9.428950541110815
456,12.15248031493277,14.031939736854648,21.497945465186596
457,8.308677934465306,19.48584062480597,10.453712818760865
458,10.666140745236511,14.996160293647307,18.926591971123635
459,9.948274304092287,15.816072353762534,11.786597113553134
460,10.627816422915107,18.233748796997215,14.81480286624724
461,8.333262388101188,15.26205423238684,6.376944742411378
462,6.820865013382062,12.995312038618398,5.731203887062941
463,5.8540331280174165,14.78054509661142,12.298529775074938
464,7.765231774020784,14.928778527619817,14.942766212326575
465,9.082649430121334,12.27051669559687,10.201282510002315
466,9.413616826702476,14.488335857318352,3.5680333245815143
467,13.874462324859033,13.515615812005127,3.198708168553365
468,12.211986739814597,16.848715514374867,2.8643179890687946
469,8.075817767316746,15.069223748370511,1.1618894353030953
470,10.695416904901913,14.43440850170486,10.547426797235438
471,9.18584352729935,14.787636138754847,15.625219608540126
472,9.43127232391981,15.446244036812333,9.932921065375956
473,10.370651298830763,16.23362839937956,-1.3020737866892613
474,11.238342233950787,13.000575542661238,9.046197698327257
475,9.321483032231969,12.916824734757457,9.186005016836965
476,12.127703065468717,17.20935843080506,20.479993751127196
477,7.716123547715192,14.175326255590539,2.7143104354022185
478,10.012678124724538,12.166315814806252,8.046611987004022
479,15.195347453191665,15.88762541876621,18.52926340272282
480,10.44615948525055,15.926739612065374,12.24989170673274
481,12.866429013212345,11.938569485486587,12.816565367582124
482,10.183040356346416,15.458963430927213,10.572922185119392
483,11.161554190659594,16.47116618485675,11.649717693286323
484,9.886433611214617,15.748772903412526,13.888047651392679
485,9.65918483767159,16.26396296752279,5.9525684055361685
486,8.441035206549161,12.191461803818502,14.390292894540998
487,10.860602717915107,15.66208030999239,3.1349849155723044
488,8.296925621628464,14.394760481059107,11.64183986415769
489,11.331170472626859,14.03441968255071,10.893704816431637
490,12.170574008891819,16.741111218839453,6.91853455903946
491,10.73306281447446,17.95854902134846,9.886573623371767
492,9.427502532888616,18.588740109200717,6.887299236672234
493,10.907931158617393,17.62961574301181,4.641493365691279
494,9.382653888907175,14.780531636739633,8.231926291931778
495,11.871094250930298,15.705440326052686,4.480056823141693
496,6.337187831569753,16.53364574356849,11.61398732046624
497,9.328785263762708,15.242355898598923,4.249572529238183
498,6.0183760097520045,15.261528375823088,13.559885114955257
499,7.00987833954559,16.647506263752366,4.092604660355899
